stop_id,cumulative_dwell_time,cumulative_leg_time,cumulative_stops,day_of_week,section_id,rain_mm,wind_speed,visibility_km,commercial_speed,occupancy_rate,schedule_adherence,hour_of_day,is_peak_hour,temperature_c,snow_mm,is_holiday,is_special_event,delay_trend,route_historical_avg,delay_severity_category,schedule_adherence
STOP_102,60,240,2,4,57,0.0,10.0,10.0,25.0,0.5,2.265867784012739,14,0,20.0,0.0,0,0,0.0,0.0,0,2.265867784012739
STOP_105,150,600,5,4,21,0.0,10.0,10.0,25.0,0.5,9.876593214688741,6,0,20.0,0.0,0,0,0.0,0.0,1,9.876593214688741
STOP_110,300,1200,10,4,49,0.0,10.0,10.0,25.0,0.5,-1.771932804002108,20,0,20.0,0.0,0,0,0.0,0.0,0,-1.771932804002108
STOP_107,210,840,7,4,49,0.0,10.0,10.0,25.0,0.5,3.2120723479347797,21,0,20.0,0.0,0,0,0.0,0.0,0,3.2120723479347797
STOP_101,30,120,1,4,35,0.0,10.0,10.0,25.0,0.5,1.7316820599192218,20,0,20.0,0.0,0,0,0.0,0.0,0,1.7316820599192218
STOP_101,30,120,1,4,9,0.0,10.0,10.0,25.0,0.5,-4.742753271272028,13,0,20.0,0.0,0,0,0.0,0.0,0,-4.742753271272028
STOP_100,0,0,0,4,95,0.0,10.0,10.0,25.0,0.5,5.973431793417009,16,1,20.0,0.0,0,0,0.0,0.0,1,5.973431793417009
STOP_101,30,120,1,4,79,0.0,10.0,10.0,25.0,0.5,8.089826082640831,14,0,20.0,0.0,0,0,0.0,0.0,1,8.089826082640831
STOP_107,210,840,7,4,83,0.0,10.0,10.0,25.0,0.5,9.816243086487827,20,0,20.0,0.0,0,0,0.0,0.0,1,9.816243086487827
STOP_102,60,240,2,4,91,0.0,10.0,10.0,25.0,0.5,5.360894726698946,6,0,20.0,0.0,0,0,0.0,0.0,1,5.360894726698946
STOP_105,150,600,5,4,67,0.0,10.0,10.0,25.0,0.5,9.871803517641881,8,1,20.0,0.0,0,0,0.0,0.0,1,9.871803517641881
STOP_104,120,480,4,4,7,0.0,10.0,10.0,25.0,0.5,7.19070429839593,21,0,20.0,0.0,0,0,0.0,0.0,1,7.19070429839593
STOP_104,120,480,4,4,45,0.0,10.0,10.0,25.0,0.5,5.4000273060206,8,1,20.0,0.0,0,0,0.0,0.0,1,5.4000273060206
STOP_103,90,360,3,4,67,0.0,10.0,10.0,25.0,0.5,-2.7396876949874933,8,1,20.0,0.0,0,0,0.0,0.0,0,-2.7396876949874933
STOP_103,90,360,3,4,16,0.0,10.0,10.0,25.0,0.5,4.04559332579925,18,1,20.0,0.0,0,0,0.0,0.0,0,4.04559332579925
STOP_100,0,0,0,4,97,0.0,10.0,10.0,25.0,0.5,5.963194349833115,18,1,20.0,0.0,0,0,0.0,0.0,1,5.963194349833115
STOP_102,60,240,2,4,45,0.0,10.0,10.0,25.0,0.5,6.603581525960805,8,1,20.0,0.0,0,0,0.0,0.0,1,6.603581525960805
STOP_107,210,840,7,4,91,0.0,10.0,10.0,25.0,0.5,-0.7114919934319641,6,0,20.0,0.0,0,0,0.0,0.0,0,-0.7114919934319641
STOP_107,210,840,7,4,31,0.0,10.0,10.0,25.0,0.5,6.24139008971213,13,0,20.0,0.0,0,0,0.0,0.0,1,6.24139008971213
STOP_109,270,1080,9,4,49,0.0,10.0,10.0,25.0,0.5,8.523745079306014,20,0,20.0,0.0,0,0,0.0,0.0,1,8.523745079306014
STOP_105,150,600,5,4,94,0.0,10.0,10.0,25.0,0.5,4.4607616673789385,21,0,20.0,0.0,0,0,0.0,0.0,0,4.4607616673789385
STOP_107,210,840,7,4,96,0.0,10.0,10.0,25.0,0.5,1.5107826412143504,13,0,20.0,0.0,0,0,0.0,0.0,0,1.5107826412143504
STOP_101,30,120,1,4,67,0.0,10.0,10.0,25.0,0.5,7.003095215253687,8,1,20.0,0.0,0,0,0.0,0.0,1,7.003095215253687
STOP_109,270,1080,9,4,68,0.0,10.0,10.0,25.0,0.5,-4.362951361152002,16,1,20.0,0.0,0,0,0.0,0.0,0,-4.362951361152002
STOP_108,240,960,8,4,24,0.0,10.0,10.0,25.0,0.5,8.547861682516437,15,0,20.0,0.0,0,0,0.0,0.0,1,8.547861682516437
STOP_106,180,720,6,4,21,0.0,10.0,10.0,25.0,0.5,4.963025696076785,6,0,20.0,0.0,0,0,0.0,0.0,0,4.963025696076785
STOP_102,60,240,2,4,68,0.0,10.0,10.0,25.0,0.5,-1.195466667289426,16,1,20.0,0.0,0,0,0.0,0.0,0,-1.195466667289426
STOP_108,240,960,8,4,67,0.0,10.0,10.0,25.0,0.5,9.916229013383102,8,1,20.0,0.0,0,0,0.0,0.0,1,9.916229013383102
STOP_103,90,360,3,4,57,0.0,10.0,10.0,25.0,0.5,5.407083354511176,14,0,20.0,0.0,0,0,0.0,0.0,1,5.407083354511176
STOP_103,90,360,3,4,97,0.0,10.0,10.0,25.0,0.5,9.079972199400585,18,1,20.0,0.0,0,0,0.0,0.0,1,9.079972199400585
STOP_102,60,240,2,4,5,0.0,10.0,10.0,25.0,0.5,-4.05289560608913,9,1,20.0,0.0,0,0,0.0,0.0,0,-4.05289560608913
STOP_106,180,720,6,4,70,0.0,10.0,10.0,25.0,0.5,7.229144966358399,18,1,20.0,0.0,0,0,0.0,0.0,1,7.229144966358399
STOP_101,30,120,1,4,4,0.0,10.0,10.0,25.0,0.5,9.377467535016102,16,1,20.0,0.0,0,0,0.0,0.0,1,9.377467535016102
STOP_103,90,360,3,4,45,0.0,10.0,10.0,25.0,0.5,-4.339394309173034,8,1,20.0,0.0,0,0,0.0,0.0,0,-4.339394309173034
STOP_109,270,1080,9,4,67,0.0,10.0,10.0,25.0,0.5,4.082218757889181,8,1,20.0,0.0,0,0,0.0,0.0,0,4.082218757889181
STOP_106,180,720,6,4,67,0.0,10.0,10.0,25.0,0.5,5.9025824657235635,8,1,20.0,0.0,0,0,0.0,0.0,1,5.9025824657235635
STOP_104,120,480,4,4,57,0.0,10.0,10.0,25.0,0.5,3.291435520503747,14,0,20.0,0.0,0,0,0.0,0.0,0,3.291435520503747
STOP_101,30,120,1,4,31,0.0,10.0,10.0,25.0,0.5,3.346843087381846,13,0,20.0,0.0,0,0,0.0,0.0,0,3.346843087381846
STOP_101,30,120,1,4,26,0.0,10.0,10.0,25.0,0.5,2.829295052178458,9,1,20.0,0.0,0,0,0.0,0.0,0,2.829295052178458
STOP_108,240,960,8,4,35,0.0,10.0,10.0,25.0,0.5,-0.9043907100828985,20,0,20.0,0.0,0,0,0.0,0.0,0,-0.9043907100828985
STOP_110,300,1200,10,4,31,0.0,10.0,10.0,25.0,0.5,-0.7579830399425042,13,0,20.0,0.0,0,0,0.0,0.0,0,-0.7579830399425042
STOP_104,120,480,4,4,76,0.0,10.0,10.0,25.0,0.5,-3.880423533808568,19,0,20.0,0.0,0,0,0.0,0.0,0,-3.880423533808568
STOP_108,240,960,8,4,79,0.0,10.0,10.0,25.0,0.5,0.9542195940143927,14,0,20.0,0.0,0,0,0.0,0.0,0,0.9542195940143927
STOP_100,0,0,0,4,20,0.0,10.0,10.0,25.0,0.5,-2.6602870445160027,21,0,20.0,0.0,0,0,0.0,0.0,0,-2.6602870445160027
STOP_106,180,720,6,4,20,0.0,10.0,10.0,25.0,0.5,-2.386348975319307,21,0,20.0,0.0,0,0,0.0,0.0,0,-2.386348975319307
STOP_108,240,960,8,4,16,0.0,10.0,10.0,25.0,0.5,0.21260623637771536,18,1,20.0,0.0,0,0,0.0,0.0,0,0.21260623637771536
STOP_109,270,1080,9,4,72,0.0,10.0,10.0,25.0,0.5,5.41980659215263,12,0,20.0,0.0,0,0,0.0,0.0,1,5.41980659215263
STOP_104,120,480,4,4,35,0.0,10.0,10.0,25.0,0.5,-4.924601710852953,20,0,20.0,0.0,0,0,0.0,0.0,0,-4.924601710852953
STOP_107,210,840,7,4,35,0.0,10.0,10.0,25.0,0.5,4.7127469726504465,20,0,20.0,0.0,0,0,0.0,0.0,0,4.7127469726504465
STOP_103,90,360,3,4,29,0.0,10.0,10.0,25.0,0.5,-3.1489877719160537,12,0,20.0,0.0,0,0,0.0,0.0,0,-3.1489877719160537
STOP_111,330,1320,11,4,4,0.0,10.0,10.0,25.0,0.5,-0.8231368043964049,16,1,20.0,0.0,0,0,0.0,0.0,0,-0.8231368043964049
STOP_104,120,480,4,4,82,0.0,10.0,10.0,25.0,0.5,0.5731976697981156,10,0,20.0,0.0,0,0,0.0,0.0,0,0.5731976697981156
STOP_104,120,480,4,4,78,0.0,10.0,10.0,25.0,0.5,7.2365410695266075,12,0,20.0,0.0,0,0,0.0,0.0,1,7.2365410695266075
STOP_105,150,600,5,4,26,0.0,10.0,10.0,25.0,0.5,4.004221907920555,9,1,20.0,0.0,0,0,0.0,0.0,0,4.004221907920555
STOP_102,60,240,2,4,16,0.0,10.0,10.0,25.0,0.5,5.368177140798106,18,1,20.0,0.0,0,0,0.0,0.0,1,5.368177140798106
STOP_108,240,960,8,4,89,0.0,10.0,10.0,25.0,0.5,-3.2968903651056998,16,1,20.0,0.0,0,0,0.0,0.0,0,-3.2968903651056998
STOP_111,330,1320,11,4,45,0.0,10.0,10.0,25.0,0.5,1.572650749995329,8,1,20.0,0.0,0,0,0.0,0.0,0,1.572650749995329
STOP_103,90,360,3,4,4,0.0,10.0,10.0,25.0,0.5,3.2401396735413646,16,1,20.0,0.0,0,0,0.0,0.0,0,3.2401396735413646
STOP_106,180,720,6,4,79,0.0,10.0,10.0,25.0,0.5,4.246422660578051,14,0,20.0,0.0,0,0,0.0,0.0,0,4.246422660578051
STOP_101,30,120,1,4,29,0.0,10.0,10.0,25.0,0.5,2.024952789007202,12,0,20.0,0.0,0,0,0.0,0.0,0,2.024952789007202
STOP_103,90,360,3,4,82,0.0,10.0,10.0,25.0,0.5,8.049067493465335,10,0,20.0,0.0,0,0,0.0,0.0,1,8.049067493465335
STOP_105,150,600,5,4,29,0.0,10.0,10.0,25.0,0.5,-0.8229390660867153,12,0,20.0,0.0,0,0,0.0,0.0,0,-0.8229390660867153
STOP_106,180,720,6,4,83,0.0,10.0,10.0,25.0,0.5,-0.1535044750049408,20,0,20.0,0.0,0,0,0.0,0.0,0,-0.1535044750049408
STOP_100,0,0,0,4,79,0.0,10.0,10.0,25.0,0.5,9.115723900575656,14,0,20.0,0.0,0,0,0.0,0.0,1,9.115723900575656
STOP_109,270,1080,9,4,70,0.0,10.0,10.0,25.0,0.5,8.481818346060216,18,1,20.0,0.0,0,0,0.0,0.0,1,8.481818346060216
STOP_106,180,720,6,4,35,0.0,10.0,10.0,25.0,0.5,8.57149512520177,20,0,20.0,0.0,0,0,0.0,0.0,1,8.57149512520177
STOP_105,150,600,5,4,41,0.0,10.0,10.0,25.0,0.5,-2.8353619891759547,18,1,20.0,0.0,0,0,0.0,0.0,0,-2.8353619891759547
STOP_105,150,600,5,4,9,0.0,10.0,10.0,25.0,0.5,-3.0103313359857027,13,0,20.0,0.0,0,0,0.0,0.0,0,-3.0103313359857027
STOP_110,300,1200,10,4,20,0.0,10.0,10.0,25.0,0.5,0.9356194536068885,21,0,20.0,0.0,0,0,0.0,0.0,0,0.9356194536068885
STOP_103,90,360,3,4,49,0.0,10.0,10.0,25.0,0.5,6.521922675713233,20,0,20.0,0.0,0,0,0.0,0.0,1,6.521922675713233
STOP_104,120,480,4,4,68,0.0,10.0,10.0,25.0,0.5,-3.774990862098556,16,1,20.0,0.0,0,0,0.0,0.0,0,-3.774990862098556
STOP_106,180,720,6,4,97,0.0,10.0,10.0,25.0,0.5,4.838549696475994,18,1,20.0,0.0,0,0,0.0,0.0,0,4.838549696475994
STOP_100,0,0,0,4,68,0.0,10.0,10.0,25.0,0.5,4.217286662674469,16,1,20.0,0.0,0,0,0.0,0.0,0,4.217286662674469
STOP_107,210,840,7,4,88,0.0,10.0,10.0,25.0,0.5,7.822086681988922,15,0,20.0,0.0,0,0,0.0,0.0,1,7.822086681988922
STOP_111,330,1320,11,4,35,0.0,10.0,10.0,25.0,0.5,-3.2780460912307987,20,0,20.0,0.0,0,0,0.0,0.0,0,-3.2780460912307987
STOP_106,180,720,6,4,29,0.0,10.0,10.0,25.0,0.5,7.794729929958873,12,0,20.0,0.0,0,0,0.0,0.0,1,7.794729929958873
STOP_102,60,240,2,4,82,0.0,10.0,10.0,25.0,0.5,3.3752847259617047,10,0,20.0,0.0,0,0,0.0,0.0,0,3.3752847259617047
STOP_105,150,600,5,4,45,0.0,10.0,10.0,25.0,0.5,4.723538460731454,8,1,20.0,0.0,0,0,0.0,0.0,0,4.723538460731454
STOP_106,180,720,6,4,49,0.0,10.0,10.0,25.0,0.5,-1.2574538047588735,20,0,20.0,0.0,0,0,0.0,0.0,0,-1.2574538047588735
STOP_103,90,360,3,4,24,0.0,10.0,10.0,25.0,0.5,7.8205517513979625,15,0,20.0,0.0,0,0,0.0,0.0,1,7.8205517513979625
STOP_104,120,480,4,4,20,0.0,10.0,10.0,25.0,0.5,-0.32465257227437816,21,0,20.0,0.0,0,0,0.0,0.0,0,-0.32465257227437816
STOP_108,240,960,8,4,72,0.0,10.0,10.0,25.0,0.5,3.8845205659314352,12,0,20.0,0.0,0,0,0.0,0.0,0,3.8845205659314352
STOP_100,0,0,0,4,76,0.0,10.0,10.0,25.0,0.5,9.65547514817764,19,0,20.0,0.0,0,0,0.0,0.0,1,9.65547514817764
STOP_109,270,1080,9,4,31,0.0,10.0,10.0,25.0,0.5,-3.686770039583291,13,0,20.0,0.0,0,0,0.0,0.0,0,-3.686770039583291
STOP_107,210,840,7,4,57,0.0,10.0,10.0,25.0,0.5,-0.5541198968707484,14,0,20.0,0.0,0,0,0.0,0.0,0,-0.5541198968707484
STOP_102,60,240,2,4,24,0.0,10.0,10.0,25.0,0.5,-3.0251961681011243,15,0,20.0,0.0,0,0,0.0,0.0,0,-3.0251961681011243
STOP_100,0,0,0,4,5,0.0,10.0,10.0,25.0,0.5,4.820636130344486,10,0,20.0,0.0,0,0,0.0,0.0,0,4.820636130344486
STOP_103,90,360,3,4,20,0.0,10.0,10.0,25.0,0.5,-0.4456409278423962,21,0,20.0,0.0,0,0,0.0,0.0,0,-0.4456409278423962
STOP_100,0,0,0,4,91,0.0,10.0,10.0,25.0,0.5,-2.508877214997294,6,0,20.0,0.0,0,0,0.0,0.0,0,-2.508877214997294
STOP_109,270,1080,9,4,26,0.0,10.0,10.0,25.0,0.5,-1.0194483259703686,9,1,20.0,0.0,0,0,0.0,0.0,0,-1.0194483259703686
STOP_108,240,960,8,4,68,0.0,10.0,10.0,25.0,0.5,1.635497996536282,16,1,20.0,0.0,0,0,0.0,0.0,0,1.635497996536282
STOP_108,240,960,8,4,97,0.0,10.0,10.0,25.0,0.5,-0.27484239224863094,18,1,20.0,0.0,0,0,0.0,0.0,0,-0.27484239224863094
STOP_101,30,120,1,4,88,0.0,10.0,10.0,25.0,0.5,-4.81488430909439,15,0,20.0,0.0,0,0,0.0,0.0,0,-4.81488430909439
STOP_109,270,1080,9,4,7,0.0,10.0,10.0,25.0,0.5,9.00356625186472,21,0,20.0,0.0,0,0,0.0,0.0,1,9.00356625186472
STOP_106,180,720,6,4,0,0.0,10.0,10.0,25.0,0.5,0.5986173456885074,9,1,20.0,0.0,0,0,0.0,0.0,0,0.5986173456885074
STOP_110,300,1200,10,4,67,0.0,10.0,10.0,25.0,0.5,-0.38170426975625893,8,1,20.0,0.0,0,0,0.0,0.0,0,-0.38170426975625893
STOP_102,60,240,2,4,31,0.0,10.0,10.0,25.0,0.5,7.847401041438603,13,0,20.0,0.0,0,0,0.0,0.0,1,7.847401041438603
STOP_100,0,0,0,4,16,0.0,10.0,10.0,25.0,0.5,-1.9917053323210028,18,1,20.0,0.0,0,0,0.0,0.0,0,-1.9917053323210028
STOP_106,180,720,6,4,96,0.0,10.0,10.0,25.0,0.5,3.5768397390397073,13,0,20.0,0.0,0,0,0.0,0.0,0,3.5768397390397073
STOP_102,60,240,2,4,20,0.0,10.0,10.0,25.0,0.5,6.708340403308207,21,0,20.0,0.0,0,0,0.0,0.0,1,6.708340403308207
STOP_105,150,600,5,4,83,0.0,10.0,10.0,25.0,0.5,5.177367529758719,20,0,20.0,0.0,0,0,0.0,0.0,1,5.177367529758719
STOP_111,330,1320,11,4,29,0.0,10.0,10.0,25.0,0.5,-1.7674886169867343,12,0,20.0,0.0,0,0,0.0,0.0,0,-1.7674886169867343
STOP_105,150,600,5,4,97,0.0,10.0,10.0,25.0,0.5,-1.3429709343473069,18,1,20.0,0.0,0,0,0.0,0.0,0,-1.3429709343473069
STOP_105,150,600,5,4,76,0.0,10.0,10.0,25.0,0.5,8.616031497662691,19,0,20.0,0.0,0,0,0.0,0.0,1,8.616031497662691
STOP_108,240,960,8,4,4,0.0,10.0,10.0,25.0,0.5,2.930866286476536,16,1,20.0,0.0,0,0,0.0,0.0,0,2.930866286476536
STOP_104,120,480,4,4,83,0.0,10.0,10.0,25.0,0.5,-2.0720425314217623,20,0,20.0,0.0,0,0,0.0,0.0,0,-2.0720425314217623
STOP_109,270,1080,9,4,5,0.0,10.0,10.0,25.0,0.5,6.217578616181077,10,0,20.0,0.0,0,0,0.0,0.0,1,6.217578616181077
STOP_103,90,360,3,4,72,0.0,10.0,10.0,25.0,0.5,-0.19959025156412125,12,0,20.0,0.0,0,0,0.0,0.0,0,-0.19959025156412125
STOP_109,270,1080,9,4,76,0.0,10.0,10.0,25.0,0.5,0.059542547012295666,19,0,20.0,0.0,0,0,0.0,0.0,0,0.059542547012295666
STOP_101,30,120,1,4,7,0.0,10.0,10.0,25.0,0.5,5.001578646758459,21,0,20.0,0.0,0,0,0.0,0.0,1,5.001578646758459
STOP_103,90,360,3,4,91,0.0,10.0,10.0,25.0,0.5,5.931793333848639,6,0,20.0,0.0,0,0,0.0,0.0,1,5.931793333848639
STOP_101,30,120,1,4,91,0.0,10.0,10.0,25.0,0.5,-4.113412686865182,6,0,20.0,0.0,0,0,0.0,0.0,0,-4.113412686865182
STOP_103,90,360,3,4,26,0.0,10.0,10.0,25.0,0.5,6.275142580343789,9,1,20.0,0.0,0,0,0.0,0.0,1,6.275142580343789
STOP_109,270,1080,9,4,91,0.0,10.0,10.0,25.0,0.5,-2.4519110839328553,6,0,20.0,0.0,0,0,0.0,0.0,0,-2.4519110839328553
STOP_104,120,480,4,4,79,0.0,10.0,10.0,25.0,0.5,-4.997202077440053,14,0,20.0,0.0,0,0,0.0,0.0,0,-4.997202077440053
STOP_101,30,120,1,4,57,0.0,10.0,10.0,25.0,0.5,5.912938453376425,15,0,20.0,0.0,0,0,0.0,0.0,1,5.912938453376425
STOP_105,150,600,5,4,88,0.0,10.0,10.0,25.0,0.5,3.9701367599312443,15,0,20.0,0.0,0,0,0.0,0.0,0,3.9701367599312443
STOP_101,30,120,1,4,41,0.0,10.0,10.0,25.0,0.5,6.903559818082024,18,1,20.0,0.0,0,0,0.0,0.0,1,6.903559818082024
STOP_104,120,480,4,4,41,0.0,10.0,10.0,25.0,0.5,-1.3989388926865027,18,1,20.0,0.0,0,0,0.0,0.0,0,-1.3989388926865027
STOP_108,240,960,8,4,91,0.0,10.0,10.0,25.0,0.5,5.085847191980567,6,0,20.0,0.0,0,0,0.0,0.0,1,5.085847191980567
STOP_101,30,120,1,4,78,0.0,10.0,10.0,25.0,0.5,-0.23026172989497606,12,0,20.0,0.0,0,0,0.0,0.0,0,-0.23026172989497606
STOP_101,30,120,1,4,83,0.0,10.0,10.0,25.0,0.5,8.736823591811907,20,0,20.0,0.0,0,0,0.0,0.0,1,8.736823591811907
STOP_104,120,480,4,4,9,0.0,10.0,10.0,25.0,0.5,-0.36566014897771004,13,0,20.0,0.0,0,0,0.0,0.0,0,-0.36566014897771004
STOP_108,240,960,8,4,9,0.0,10.0,10.0,25.0,0.5,9.07620615787216,13,0,20.0,0.0,0,0,0.0,0.0,1,9.07620615787216
STOP_103,90,360,3,4,0,0.0,10.0,10.0,25.0,0.5,0.6883980577067345,9,1,20.0,0.0,0,0,0.0,0.0,0,0.6883980577067345
STOP_100,0,0,0,4,88,0.0,10.0,10.0,25.0,0.5,4.379949395563495,15,0,20.0,0.0,0,0,0.0,0.0,0,4.379949395563495
STOP_111,330,1320,11,4,9,0.0,10.0,10.0,25.0,0.5,0.8589041137267328,13,0,20.0,0.0,0,0,0.0,0.0,0,0.8589041137267328
STOP_111,330,1320,11,4,57,0.0,10.0,10.0,25.0,0.5,0.19838139724821402,14,0,20.0,0.0,0,0,0.0,0.0,0,0.19838139724821402
STOP_106,180,720,6,4,7,0.0,10.0,10.0,25.0,0.5,9.508953812895482,21,0,20.0,0.0,0,0,0.0,0.0,1,9.508953812895482
STOP_110,300,1200,10,4,68,0.0,10.0,10.0,25.0,0.5,5.269392913974494,16,1,20.0,0.0,0,0,0.0,0.0,1,5.269392913974494
STOP_106,180,720,6,4,76,0.0,10.0,10.0,25.0,0.5,9.948484844334736,19,0,20.0,0.0,0,0,0.0,0.0,1,9.948484844334736
STOP_110,300,1200,10,4,16,0.0,10.0,10.0,25.0,0.5,0.9394238312140735,18,1,20.0,0.0,0,0,0.0,0.0,0,0.9394238312140735
STOP_100,0,0,0,4,45,0.0,10.0,10.0,25.0,0.5,-1.4128618184821522,8,1,20.0,0.0,0,0,0.0,0.0,0,-1.4128618184821522
STOP_107,210,840,7,4,16,0.0,10.0,10.0,25.0,0.5,-3.0809461323232523,18,1,20.0,0.0,0,0,0.0,0.0,0,-3.0809461323232523
STOP_105,150,600,5,4,96,0.0,10.0,10.0,25.0,0.5,5.952601799660149,13,0,20.0,0.0,0,0,0.0,0.0,1,5.952601799660149
STOP_100,0,0,0,4,89,0.0,10.0,10.0,25.0,0.5,2.1165234043110246,16,1,20.0,0.0,0,0,0.0,0.0,0,2.1165234043110246
STOP_100,0,0,0,4,4,0.0,10.0,10.0,25.0,0.5,1.7616442582954572,16,1,20.0,0.0,0,0,0.0,0.0,0,1.7616442582954572
STOP_111,330,1320,11,4,49,0.0,10.0,10.0,25.0,0.5,8.265327256836303,20,0,20.0,0.0,0,0,0.0,0.0,1,8.265327256836303
STOP_101,30,120,1,4,82,0.0,10.0,10.0,25.0,0.5,8.181538746893718,10,0,20.0,0.0,0,0,0.0,0.0,1,8.181538746893718
STOP_105,150,600,5,4,35,0.0,10.0,10.0,25.0,0.5,-4.098553844327448,20,0,20.0,0.0,0,0,0.0,0.0,0,-4.098553844327448
STOP_108,240,960,8,4,78,0.0,10.0,10.0,25.0,0.5,-4.083429985705516,12,0,20.0,0.0,0,0,0.0,0.0,0,-4.083429985705516
STOP_105,150,600,5,4,95,0.0,10.0,10.0,25.0,0.5,9.357954452788519,16,1,20.0,0.0,0,0,0.0,0.0,1,9.357954452788519
STOP_101,30,120,1,4,49,0.0,10.0,10.0,25.0,0.5,-1.4428330103343319,20,0,20.0,0.0,0,0,0.0,0.0,0,-1.4428330103343319
STOP_109,270,1080,9,4,89,0.0,10.0,10.0,25.0,0.5,8.76314514480617,16,1,20.0,0.0,0,0,0.0,0.0,1,8.76314514480617
STOP_109,270,1080,9,4,78,0.0,10.0,10.0,25.0,0.5,2.4895441902148785,12,0,20.0,0.0,0,0,0.0,0.0,0,2.4895441902148785
STOP_105,150,600,5,4,89,0.0,10.0,10.0,25.0,0.5,9.9187298355289,16,1,20.0,0.0,0,0,0.0,0.0,1,9.9187298355289
STOP_110,300,1200,10,4,83,0.0,10.0,10.0,25.0,0.5,4.050012943180522,20,0,20.0,0.0,0,0,0.0,0.0,0,4.050012943180522
STOP_111,330,1320,11,4,76,0.0,10.0,10.0,25.0,0.5,2.9457094916255144,19,0,20.0,0.0,0,0,0.0,0.0,0,2.9457094916255144
STOP_102,60,240,2,4,9,0.0,10.0,10.0,25.0,0.5,8.749049524636165,13,0,20.0,0.0,0,0,0.0,0.0,1,8.749049524636165
STOP_110,300,1200,10,4,41,0.0,10.0,10.0,25.0,0.5,9.841476486694473,18,1,20.0,0.0,0,0,0.0,0.0,1,9.841476486694473
STOP_103,90,360,3,4,7,0.0,10.0,10.0,25.0,0.5,6.220071045571051,22,0,20.0,0.0,0,0,0.0,0.0,1,6.220071045571051
STOP_111,330,1320,11,4,94,0.0,10.0,10.0,25.0,0.5,-0.9102402903127299,21,0,20.0,0.0,0,0,0.0,0.0,0,-0.9102402903127299
STOP_104,120,480,4,4,72,0.0,10.0,10.0,25.0,0.5,2.146919068590993,12,0,20.0,0.0,0,0,0.0,0.0,0,2.146919068590993
STOP_111,330,1320,11,4,89,0.0,10.0,10.0,25.0,0.5,7.335086671852712,16,1,20.0,0.0,0,0,0.0,0.0,1,7.335086671852712
STOP_105,150,600,5,4,31,0.0,10.0,10.0,25.0,0.5,0.48828714335320655,13,0,20.0,0.0,0,0,0.0,0.0,0,0.48828714335320655
STOP_103,90,360,3,4,83,0.0,10.0,10.0,25.0,0.5,-0.39541576686472735,20,0,20.0,0.0,0,0,0.0,0.0,0,-0.39541576686472735
STOP_104,120,480,4,4,95,0.0,10.0,10.0,25.0,0.5,-2.2816165842543565,16,1,20.0,0.0,0,0,0.0,0.0,0,-2.2816165842543565
STOP_102,60,240,2,4,96,0.0,10.0,10.0,25.0,0.5,6.533800668567525,13,0,20.0,0.0,0,0,0.0,0.0,1,6.533800668567525
STOP_108,240,960,8,4,7,0.0,10.0,10.0,25.0,0.5,8.546405918148075,21,0,20.0,0.0,0,0,0.0,0.0,1,8.546405918148075
STOP_101,30,120,1,4,45,0.0,10.0,10.0,25.0,0.5,2.684505203306209,8,1,20.0,0.0,0,0,0.0,0.0,0,2.684505203306209
STOP_107,210,840,7,4,29,0.0,10.0,10.0,25.0,0.5,8.925752584544611,12,0,20.0,0.0,0,0,0.0,0.0,1,8.925752584544611
STOP_105,150,600,5,4,16,0.0,10.0,10.0,25.0,0.5,9.111599495342514,18,1,20.0,0.0,0,0,0.0,0.0,1,9.111599495342514
STOP_111,330,1320,11,4,72,0.0,10.0,10.0,25.0,0.5,6.077588177657781,12,0,20.0,0.0,0,0,0.0,0.0,1,6.077588177657781
STOP_108,240,960,8,4,96,0.0,10.0,10.0,25.0,0.5,-3.086447381429437,13,0,20.0,0.0,0,0,0.0,0.0,0,-3.086447381429437
STOP_107,210,840,7,4,95,0.0,10.0,10.0,25.0,0.5,4.784126663485753,16,1,20.0,0.0,0,0,0.0,0.0,0,4.784126663485753
STOP_104,120,480,4,4,29,0.0,10.0,10.0,25.0,0.5,4.394835274842927,12,0,20.0,0.0,0,0,0.0,0.0,0,4.394835274842927
STOP_110,300,1200,10,4,7,0.0,10.0,10.0,25.0,0.5,7.020219878107128,21,0,20.0,0.0,0,0,0.0,0.0,1,7.020219878107128
STOP_105,150,600,5,4,72,0.0,10.0,10.0,25.0,0.5,-0.22543857961479008,12,0,20.0,0.0,0,0,0.0,0.0,0,-0.22543857961479008
STOP_106,180,720,6,4,45,0.0,10.0,10.0,25.0,0.5,-1.5277985613051763,8,1,20.0,0.0,0,0,0.0,0.0,0,-1.5277985613051763
STOP_111,330,1320,11,4,26,0.0,10.0,10.0,25.0,0.5,-2.0074202760558735,9,1,20.0,0.0,0,0,0.0,0.0,0,-2.0074202760558735
STOP_107,210,840,7,4,70,0.0,10.0,10.0,25.0,0.5,8.416065829727609,18,1,20.0,0.0,0,0,0.0,0.0,1,8.416065829727609
STOP_106,180,720,6,4,68,0.0,10.0,10.0,25.0,0.5,-0.11264808844272889,16,1,20.0,0.0,0,0,0.0,0.0,0,-0.11264808844272889
STOP_101,30,120,1,4,21,0.0,10.0,10.0,25.0,0.5,0.45714461711400256,6,0,20.0,0.0,0,0,0.0,0.0,0,0.45714461711400256
STOP_105,150,600,5,4,70,0.0,10.0,10.0,25.0,0.5,-3.618518687006153,18,1,20.0,0.0,0,0,0.0,0.0,0,-3.618518687006153
STOP_111,330,1320,11,4,82,0.0,10.0,10.0,25.0,0.5,-0.2748444143490264,10,0,20.0,0.0,0,0,0.0,0.0,0,-0.2748444143490264
STOP_103,90,360,3,4,41,0.0,10.0,10.0,25.0,0.5,6.730761538956374,18,1,20.0,0.0,0,0,0.0,0.0,1,6.730761538956374
STOP_106,180,720,6,4,16,0.0,10.0,10.0,25.0,0.5,6.63867299210959,18,1,20.0,0.0,0,0,0.0,0.0,1,6.63867299210959
STOP_110,300,1200,10,4,95,0.0,10.0,10.0,25.0,0.5,4.279154336409085,16,1,20.0,0.0,0,0,0.0,0.0,0,4.279154336409085
STOP_103,90,360,3,4,78,0.0,10.0,10.0,25.0,0.5,0.18437490364602294,12,0,20.0,0.0,0,0,0.0,0.0,0,0.18437490364602294
STOP_105,150,600,5,4,82,0.0,10.0,10.0,25.0,0.5,4.2160001114698575,10,0,20.0,0.0,0,0,0.0,0.0,0,4.2160001114698575
STOP_107,210,840,7,4,78,0.0,10.0,10.0,25.0,0.5,-2.5092121777769543,12,0,20.0,0.0,0,0,0.0,0.0,0,-2.5092121777769543
STOP_111,330,1320,11,4,91,0.0,10.0,10.0,25.0,0.5,-0.0328026625377531,6,0,20.0,0.0,0,0,0.0,0.0,0,-0.0328026625377531
STOP_109,270,1080,9,4,97,0.0,10.0,10.0,25.0,0.5,-1.6309633988767276,18,1,20.0,0.0,0,0,0.0,0.0,0,-1.6309633988767276
STOP_110,300,1200,10,4,24,0.0,10.0,10.0,25.0,0.5,3.6492101069457665,15,0,20.0,0.0,0,0,0.0,0.0,0,3.6492101069457665
STOP_104,120,480,4,4,4,0.0,10.0,10.0,25.0,0.5,2.998770989186537,16,1,20.0,0.0,0,0,0.0,0.0,0,2.998770989186537
STOP_111,330,1320,11,4,21,0.0,10.0,10.0,25.0,0.5,6.477404932251495,6,0,20.0,0.0,0,0,0.0,0.0,1,6.477404932251495
STOP_107,210,840,7,4,0,0.0,10.0,10.0,25.0,0.5,4.479830205942836,9,1,20.0,0.0,0,0,0.0,0.0,0,4.479830205942836
STOP_100,0,0,0,4,83,0.0,10.0,10.0,25.0,0.5,6.871146257604634,20,0,20.0,0.0,0,0,0.0,0.0,1,6.871146257604634
STOP_109,270,1080,9,4,79,0.0,10.0,10.0,25.0,0.5,1.8307470322091142,14,0,20.0,0.0,0,0,0.0,0.0,0,1.8307470322091142
STOP_100,0,0,0,4,96,0.0,10.0,10.0,25.0,0.5,-4.112343922046873,13,0,20.0,0.0,0,0,0.0,0.0,0,-4.112343922046873
STOP_109,270,1080,9,4,41,0.0,10.0,10.0,25.0,0.5,-1.7261019095940577,18,1,20.0,0.0,0,0,0.0,0.0,0,-1.7261019095940577
STOP_103,90,360,3,4,35,0.0,10.0,10.0,25.0,0.5,-2.1590987317273087,20,0,20.0,0.0,0,0,0.0,0.0,0,-2.1590987317273087
STOP_102,60,240,2,4,78,0.0,10.0,10.0,25.0,0.5,3.695967492012881,12,0,20.0,0.0,0,0,0.0,0.0,0,3.695967492012881
STOP_104,120,480,4,4,94,0.0,10.0,10.0,25.0,0.5,2.348057150766168,21,0,20.0,0.0,0,0,0.0,0.0,0,2.348057150766168
STOP_108,240,960,8,4,41,0.0,10.0,10.0,25.0,0.5,2.8537972783217933,18,1,20.0,0.0,0,0,0.0,0.0,0,2.8537972783217933
STOP_110,300,1200,10,4,91,0.0,10.0,10.0,25.0,0.5,-4.168761673366333,6,0,20.0,0.0,0,0,0.0,0.0,0,-4.168761673366333
STOP_111,330,1320,11,4,20,0.0,10.0,10.0,25.0,0.5,5.727796821703619,21,0,20.0,0.0,0,0,0.0,0.0,1,5.727796821703619
STOP_101,30,120,1,4,20,0.0,10.0,10.0,25.0,0.5,2.1774417438394282,21,0,20.0,0.0,0,0,0.0,0.0,0,2.1774417438394282
STOP_109,270,1080,9,4,4,0.0,10.0,10.0,25.0,0.5,7.388765609740457,17,1,20.0,0.0,0,0,0.0,0.0,1,7.388765609740457
STOP_108,240,960,8,4,76,0.0,10.0,10.0,25.0,0.5,6.556708316109846,19,0,20.0,0.0,0,0,0.0,0.0,1,6.556708316109846
STOP_100,0,0,0,4,7,0.0,10.0,10.0,25.0,0.5,1.5462939809438954,21,0,20.0,0.0,0,0,0.0,0.0,0,1.5462939809438954
STOP_108,240,960,8,4,70,0.0,10.0,10.0,25.0,0.5,7.354096311972842,18,1,20.0,0.0,0,0,0.0,0.0,1,7.354096311972842
STOP_105,150,600,5,4,7,0.0,10.0,10.0,25.0,0.5,5.6025678367081175,21,0,20.0,0.0,0,0,0.0,0.0,1,5.6025678367081175
STOP_104,120,480,4,4,97,0.0,10.0,10.0,25.0,0.5,0.2478157627128169,18,1,20.0,0.0,0,0,0.0,0.0,0,0.2478157627128169
STOP_103,90,360,3,4,95,0.0,10.0,10.0,25.0,0.5,-3.9804005027089446,16,1,20.0,0.0,0,0,0.0,0.0,0,-3.9804005027089446
STOP_101,30,120,1,4,95,0.0,10.0,10.0,25.0,0.5,0.5818032286254804,16,1,20.0,0.0,0,0,0.0,0.0,0,0.5818032286254804
STOP_102,60,240,2,4,26,0.0,10.0,10.0,25.0,0.5,3.8339961241834617,9,1,20.0,0.0,0,0,0.0,0.0,0,3.8339961241834617
STOP_108,240,960,8,4,0,0.0,10.0,10.0,25.0,0.5,-3.5694259659041205,9,1,20.0,0.0,0,0,0.0,0.0,0,-3.5694259659041205
STOP_102,60,240,2,4,72,0.0,10.0,10.0,25.0,0.5,1.9572137459151988,12,0,20.0,0.0,0,0,0.0,0.0,0,1.9572137459151988
STOP_110,300,1200,10,4,72,0.0,10.0,10.0,25.0,0.5,0.47006014351504866,12,0,20.0,0.0,0,0,0.0,0.0,0,0.47006014351504866
STOP_109,270,1080,9,4,0,0.0,10.0,10.0,25.0,0.5,-3.4448212889858527,9,1,20.0,0.0,0,0,0.0,0.0,0,-3.4448212889858527
STOP_106,180,720,6,4,9,0.0,10.0,10.0,25.0,0.5,2.6745357684261566,13,0,20.0,0.0,0,0,0.0,0.0,0,2.6745357684261566
STOP_100,0,0,0,4,72,0.0,10.0,10.0,25.0,0.5,-4.012823589641353,12,0,20.0,0.0,0,0,0.0,0.0,0,-4.012823589641353
STOP_100,0,0,0,4,26,0.0,10.0,10.0,25.0,0.5,2.801110916667256,9,1,20.0,0.0,0,0,0.0,0.0,0,2.801110916667256
STOP_110,300,1200,10,4,88,0.0,10.0,10.0,25.0,0.5,-0.9407000795960502,15,0,20.0,0.0,0,0,0.0,0.0,0,-0.9407000795960502
STOP_103,90,360,3,4,94,0.0,10.0,10.0,25.0,0.5,5.95365001536802,21,0,20.0,0.0,0,0,0.0,0.0,1,5.95365001536802
STOP_111,330,1320,11,4,67,0.0,10.0,10.0,25.0,0.5,7.562962511140835,8,1,20.0,0.0,0,0,0.0,0.0,1,7.562962511140835
STOP_109,270,1080,9,4,29,0.0,10.0,10.0,25.0,0.5,6.94011103640925,12,0,20.0,0.0,0,0,0.0,0.0,1,6.94011103640925
STOP_101,30,120,1,4,72,0.0,10.0,10.0,25.0,0.5,8.36977309540448,12,0,20.0,0.0,0,0,0.0,0.0,1,8.36977309540448
STOP_107,210,840,7,4,67,0.0,10.0,10.0,25.0,0.5,6.771545227374819,8,1,20.0,0.0,0,0,0.0,0.0,1,6.771545227374819
STOP_100,0,0,0,4,94,0.0,10.0,10.0,25.0,0.5,-0.12615808390038064,21,0,20.0,0.0,0,0,0.0,0.0,0,-0.12615808390038064
STOP_100,0,0,0,4,57,0.0,10.0,10.0,25.0,0.5,6.386303988334577,14,0,20.0,0.0,0,0,0.0,0.0,1,6.386303988334577
STOP_109,270,1080,9,4,82,0.0,10.0,10.0,25.0,0.5,2.537363152403981,10,0,20.0,0.0,0,0,0.0,0.0,0,2.537363152403981
STOP_105,150,600,5,4,91,0.0,10.0,10.0,25.0,0.5,8.920776253432722,6,0,20.0,0.0,0,0,0.0,0.0,1,8.920776253432722
STOP_100,0,0,0,4,49,0.0,10.0,10.0,25.0,0.5,9.147622344419274,20,0,20.0,0.0,0,0,0.0,0.0,1,9.147622344419274
STOP_107,210,840,7,4,9,0.0,10.0,10.0,25.0,0.5,-4.9198075871845335,13,0,20.0,0.0,0,0,0.0,0.0,0,-4.9198075871845335
STOP_102,60,240,2,4,49,0.0,10.0,10.0,25.0,0.5,-3.3857872286021173,20,0,20.0,0.0,0,0,0.0,0.0,0,-3.3857872286021173
STOP_108,240,960,8,4,45,0.0,10.0,10.0,25.0,0.5,9.10274786878124,8,1,20.0,0.0,0,0,0.0,0.0,1,9.10274786878124
STOP_110,300,1200,10,4,57,0.0,10.0,10.0,25.0,0.5,6.008580655028041,15,0,20.0,0.0,0,0,0.0,0.0,1,6.008580655028041
STOP_103,90,360,3,4,70,0.0,10.0,10.0,25.0,0.5,3.315350218245536,18,1,20.0,0.0,0,0,0.0,0.0,0,3.315350218245536
STOP_111,330,1320,11,4,5,0.0,10.0,10.0,25.0,0.5,-1.7415367032048379,10,0,20.0,0.0,0,0,0.0,0.0,0,-1.7415367032048379
STOP_108,240,960,8,4,26,0.0,10.0,10.0,25.0,0.5,-1.51916390448266,9,1,20.0,0.0,0,0,0.0,0.0,0,-1.51916390448266
STOP_107,210,840,7,4,21,0.0,10.0,10.0,25.0,0.5,-2.011310683875289,6,0,20.0,0.0,0,0,0.0,0.0,0,-2.011310683875289
STOP_103,90,360,3,4,21,0.0,10.0,10.0,25.0,0.5,0.2059355274909247,6,0,20.0,0.0,0,0,0.0,0.0,0,0.2059355274909247
STOP_106,180,720,6,4,5,0.0,10.0,10.0,25.0,0.5,9.74958485227701,10,0,20.0,0.0,0,0,0.0,0.0,1,9.74958485227701
STOP_103,90,360,3,4,96,0.0,10.0,10.0,25.0,0.5,9.911224819683632,13,0,20.0,0.0,0,0,0.0,0.0,1,9.911224819683632
STOP_108,240,960,8,4,29,0.0,10.0,10.0,25.0,0.5,9.945974405185831,12,0,20.0,0.0,0,0,0.0,0.0,1,9.945974405185831
STOP_100,0,0,0,4,67,0.0,10.0,10.0,25.0,0.5,-3.0877147978963073,9,1,20.0,0.0,0,0,0.0,0.0,0,-3.0877147978963073
STOP_110,300,1200,10,4,21,0.0,10.0,10.0,25.0,0.5,3.4383280190957106,6,0,20.0,0.0,0,0,0.0,0.0,0,3.4383280190957106
STOP_103,90,360,3,4,9,0.0,10.0,10.0,25.0,0.5,5.592377531785811,13,0,20.0,0.0,0,0,0.0,0.0,1,5.592377531785811
STOP_107,210,840,7,4,76,0.0,10.0,10.0,25.0,0.5,5.5064769873475585,19,0,20.0,0.0,0,0,0.0,0.0,1,5.5064769873475585
STOP_109,270,1080,9,4,9,0.0,10.0,10.0,25.0,0.5,1.2222267908342084,13,0,20.0,0.0,0,0,0.0,0.0,0,1.2222267908342084
STOP_111,330,1320,11,4,7,0.0,10.0,10.0,25.0,0.5,5.1138826300974864,21,0,20.0,0.0,0,0,0.0,0.0,1,5.1138826300974864
STOP_103,90,360,3,4,5,0.0,10.0,10.0,25.0,0.5,6.651857251108407,10,0,20.0,0.0,0,0,0.0,0.0,1,6.651857251108407
STOP_103,90,360,3,4,68,0.0,10.0,10.0,25.0,0.5,6.3450140437433,16,1,20.0,0.0,0,0,0.0,0.0,1,6.3450140437433
STOP_102,60,240,2,4,94,0.0,10.0,10.0,25.0,0.5,9.424237105692486,21,0,20.0,0.0,0,0,0.0,0.0,1,9.424237105692486
STOP_102,60,240,2,4,29,0.0,10.0,10.0,25.0,0.5,6.603291127973308,12,0,20.0,0.0,0,0,0.0,0.0,1,6.603291127973308
STOP_102,60,240,2,4,4,0.0,10.0,10.0,25.0,0.5,1.4663029393493416,16,1,20.0,0.0,0,0,0.0,0.0,0,1.4663029393493416
STOP_103,90,360,3,4,89,0.0,10.0,10.0,25.0,0.5,3.299359594345001,16,1,20.0,0.0,0,0,0.0,0.0,0,3.299359594345001
STOP_109,270,1080,9,4,57,0.0,10.0,10.0,25.0,0.5,3.2112226056958884,14,0,20.0,0.0,0,0,0.0,0.0,0,3.2112226056958884
STOP_103,90,360,3,4,76,0.0,10.0,10.0,25.0,0.5,8.404528800192006,19,0,20.0,0.0,0,0,0.0,0.0,1,8.404528800192006
STOP_109,270,1080,9,4,83,0.0,10.0,10.0,25.0,0.5,0.9120407017394222,20,0,20.0,0.0,0,0,0.0,0.0,0,0.9120407017394222
STOP_106,180,720,6,4,95,0.0,10.0,10.0,25.0,0.5,8.352070801703709,16,1,20.0,0.0,0,0,0.0,0.0,1,8.352070801703709
STOP_107,210,840,7,4,24,0.0,10.0,10.0,25.0,0.5,1.0983517571215633,15,0,20.0,0.0,0,0,0.0,0.0,0,1.0983517571215633
STOP_110,300,1200,10,4,96,0.0,10.0,10.0,25.0,0.5,0.31565774479202946,13,0,20.0,0.0,0,0,0.0,0.0,0,0.31565774479202946
STOP_111,330,1320,11,4,0,0.0,10.0,10.0,25.0,0.5,3.7152264006266424,9,1,20.0,0.0,0,0,0.0,0.0,0,3.7152264006266424
STOP_103,90,360,3,4,31,0.0,10.0,10.0,25.0,0.5,7.5259891818253,13,0,20.0,0.0,0,0,0.0,0.0,1,7.5259891818253
STOP_106,180,720,6,4,26,0.0,10.0,10.0,25.0,0.5,-4.19728305630435,9,1,20.0,0.0,0,0,0.0,0.0,0,-4.19728305630435
STOP_109,270,1080,9,4,94,0.0,10.0,10.0,25.0,0.5,-2.078397534691612,21,0,20.0,0.0,0,0,0.0,0.0,0,-2.078397534691612
STOP_111,330,1320,11,4,41,0.0,10.0,10.0,25.0,0.5,3.6165513380830867,18,1,20.0,0.0,0,0,0.0,0.0,0,3.6165513380830867
STOP_100,0,0,0,4,78,0.0,10.0,10.0,25.0,0.5,6.8502226233982295,12,0,20.0,0.0,0,0,0.0,0.0,1,6.8502226233982295
STOP_109,270,1080,9,4,24,0.0,10.0,10.0,25.0,0.5,4.057764738104169,15,0,20.0,0.0,0,0,0.0,0.0,0,4.057764738104169
STOP_111,330,1320,11,4,24,0.0,10.0,10.0,25.0,0.5,3.381489169365965,15,0,20.0,0.0,0,0,0.0,0.0,0,3.381489169365965
STOP_105,150,600,5,4,78,0.0,10.0,10.0,25.0,0.5,2.0009214065192564,12,0,20.0,0.0,0,0,0.0,0.0,0,2.0009214065192564
STOP_110,300,1200,10,4,35,0.0,10.0,10.0,25.0,0.5,-0.585998950443285,20,0,20.0,0.0,0,0,0.0,0.0,0,-0.585998950443285
STOP_101,30,120,1,4,16,0.0,10.0,10.0,25.0,0.5,-1.7565948630833046,18,1,20.0,0.0,0,0,0.0,0.0,0,-1.7565948630833046
STOP_111,330,1320,11,4,97,0.0,10.0,10.0,25.0,0.5,7.412481124535101,18,1,20.0,0.0,0,0,0.0,0.0,1,7.412481124535101
STOP_108,240,960,8,4,94,0.0,10.0,10.0,25.0,0.5,-4.749862797652413,21,0,20.0,0.0,0,0,0.0,0.0,0,-4.749862797652413
STOP_100,0,0,0,4,0,0.0,10.0,10.0,25.0,0.5,-4.320210815586581,9,1,20.0,0.0,0,0,0.0,0.0,0,-4.320210815586581
STOP_111,330,1320,11,4,16,0.0,10.0,10.0,25.0,0.5,5.039629137428188,18,1,20.0,0.0,0,0,0.0,0.0,1,5.039629137428188
STOP_100,0,0,0,4,82,0.0,10.0,10.0,25.0,0.5,-2.4187095132106036,10,0,20.0,0.0,0,0,0.0,0.0,0,-2.4187095132106036
STOP_106,180,720,6,4,88,0.0,10.0,10.0,25.0,0.5,0.7765390423454449,15,0,20.0,0.0,0,0,0.0,0.0,0,0.7765390423454449
STOP_111,330,1320,11,4,96,0.0,10.0,10.0,25.0,0.5,-0.45755166531886715,13,0,20.0,0.0,0,0,0.0,0.0,0,-0.45755166531886715
STOP_102,60,240,2,4,35,0.0,10.0,10.0,25.0,0.5,8.698490206321845,20,0,20.0,0.0,0,0,0.0,0.0,1,8.698490206321845
STOP_101,30,120,1,4,97,0.0,10.0,10.0,25.0,0.5,5.510882819263957,18,1,20.0,0.0,0,0,0.0,0.0,1,5.510882819263957
STOP_102,60,240,2,4,67,0.0,10.0,10.0,25.0,0.5,7.945135691008404,8,1,20.0,0.0,0,0,0.0,0.0,1,7.945135691008404
STOP_104,120,480,4,4,31,0.0,10.0,10.0,25.0,0.5,8.910327708794458,13,0,20.0,0.0,0,0,0.0,0.0,1,8.910327708794458
STOP_102,60,240,2,4,83,0.0,10.0,10.0,25.0,0.5,0.3969114031794918,20,0,20.0,0.0,0,0,0.0,0.0,0,0.3969114031794918
STOP_110,300,1200,10,4,79,0.0,10.0,10.0,25.0,0.5,1.224406541195207,14,0,20.0,0.0,0,0,0.0,0.0,0,1.224406541195207
STOP_104,120,480,4,4,24,0.0,10.0,10.0,25.0,0.5,-2.520465707930581,15,0,20.0,0.0,0,0,0.0,0.0,0,-2.520465707930581
STOP_109,270,1080,9,4,16,0.0,10.0,10.0,25.0,0.5,1.5309046926360343,18,1,20.0,0.0,0,0,0.0,0.0,0,1.5309046926360343
STOP_101,30,120,1,4,96,0.0,10.0,10.0,25.0,0.5,4.492039159922603,13,0,20.0,0.0,0,0,0.0,0.0,0,4.492039159922603
STOP_110,300,1200,10,4,26,0.0,10.0,10.0,25.0,0.5,3.3150621151051727,9,1,20.0,0.0,0,0,0.0,0.0,0,3.3150621151051727
STOP_104,120,480,4,4,67,0.0,10.0,10.0,25.0,0.5,7.773914789563285,8,1,20.0,0.0,0,0,0.0,0.0,1,7.773914789563285
STOP_102,60,240,2,4,70,0.0,10.0,10.0,25.0,0.5,-0.15910140910042392,18,1,20.0,0.0,0,0,0.0,0.0,0,-0.15910140910042392
STOP_110,300,1200,10,4,4,0.0,10.0,10.0,25.0,0.5,1.946720707562672,17,1,20.0,0.0,0,0,0.0,0.0,0,1.946720707562672
STOP_109,270,1080,9,4,88,0.0,10.0,10.0,25.0,0.5,8.253470925552856,15,0,20.0,0.0,0,0,0.0,0.0,1,8.253470925552856
STOP_105,150,600,5,4,4,0.0,10.0,10.0,25.0,0.5,4.551425755664908,16,1,20.0,0.0,0,0,0.0,0.0,0,4.551425755664908
STOP_110,300,1200,10,4,78,0.0,10.0,10.0,25.0,0.5,-3.4049405397765926,12,0,20.0,0.0,0,0,0.0,0.0,0,-3.4049405397765926
STOP_110,300,1200,10,4,45,0.0,10.0,10.0,25.0,0.5,-0.20521917061906203,8,1,20.0,0.0,0,0,0.0,0.0,0,-0.20521917061906203
STOP_101,30,120,1,4,70,0.0,10.0,10.0,25.0,0.5,-4.7954896414126775,18,1,20.0,0.0,0,0,0.0,0.0,0,-4.7954896414126775
STOP_101,30,120,1,4,24,0.0,10.0,10.0,25.0,0.5,-0.8087617373589201,16,1,20.0,0.0,0,0,0.0,0.0,0,-0.8087617373589201
STOP_107,210,840,7,4,68,0.0,10.0,10.0,25.0,0.5,-3.0833802081501434,16,1,20.0,0.0,0,0,0.0,0.0,0,-3.0833802081501434
STOP_109,270,1080,9,4,20,0.0,10.0,10.0,25.0,0.5,9.76351748851651,21,0,20.0,0.0,0,0,0.0,0.0,1,9.76351748851651
STOP_108,240,960,8,4,49,0.0,10.0,10.0,25.0,0.5,-0.8842309219611882,20,0,20.0,0.0,0,0,0.0,0.0,0,-0.8842309219611882
STOP_100,0,0,0,4,31,0.0,10.0,10.0,25.0,0.5,-1.8382782596796765,13,0,20.0,0.0,0,0,0.0,0.0,0,-1.8382782596796765
STOP_111,330,1320,11,4,70,0.0,10.0,10.0,25.0,0.5,7.183871814855128,18,1,20.0,0.0,0,0,0.0,0.0,1,7.183871814855128
STOP_102,60,240,2,4,76,0.0,10.0,10.0,25.0,0.5,-2.9646752331158104,19,0,20.0,0.0,0,0,0.0,0.0,0,-2.9646752331158104
STOP_111,330,1320,11,4,95,0.0,10.0,10.0,25.0,0.5,3.5282838340691813,16,1,20.0,0.0,0,0,0.0,0.0,0,3.5282838340691813
STOP_101,30,120,1,4,68,0.0,10.0,10.0,25.0,0.5,3.7179313558143483,16,1,20.0,0.0,0,0,0.0,0.0,0,3.7179313558143483
STOP_102,60,240,2,4,95,0.0,10.0,10.0,25.0,0.5,2.8282649223691476,16,1,20.0,0.0,0,0,0.0,0.0,0,2.8282649223691476
STOP_105,150,600,5,4,20,0.0,10.0,10.0,25.0,0.5,-4.952886409278168,21,0,20.0,0.0,0,0,0.0,0.0,0,-4.952886409278168
STOP_111,330,1320,11,4,31,0.0,10.0,10.0,25.0,0.5,1.278734282972337,13,0,20.0,0.0,0,0,0.0,0.0,0,1.278734282972337
STOP_109,270,1080,9,4,96,0.0,10.0,10.0,25.0,0.5,1.1362772295231434,13,0,20.0,0.0,0,0,0.0,0.0,0,1.1362772295231434
STOP_110,300,1200,10,4,0,0.0,10.0,10.0,25.0,0.5,-4.2701350450743005,9,1,20.0,0.0,0,0,0.0,0.0,0,-4.2701350450743005
STOP_108,240,960,8,4,83,0.0,10.0,10.0,25.0,0.5,-0.1147279690407016,20,0,20.0,0.0,0,0,0.0,0.0,0,-0.1147279690407016
STOP_105,150,600,5,4,79,0.0,10.0,10.0,25.0,0.5,4.209691844100907,14,0,20.0,0.0,0,0,0.0,0.0,0,4.209691844100907
STOP_100,0,0,0,4,70,0.0,10.0,10.0,25.0,0.5,8.368001095954035,18,1,20.0,0.0,0,0,0.0,0.0,1,8.368001095954035
STOP_108,240,960,8,4,88,0.0,10.0,10.0,25.0,0.5,9.286229589949654,15,0,20.0,0.0,0,0,0.0,0.0,1,9.286229589949654
STOP_106,180,720,6,4,91,0.0,10.0,10.0,25.0,0.5,-3.632890408329837,6,0,20.0,0.0,0,0,0.0,0.0,0,-3.632890408329837
STOP_110,300,1200,10,4,9,0.0,10.0,10.0,25.0,0.5,1.0350243285599914,13,0,20.0,0.0,0,0,0.0,0.0,0,1.0350243285599914
STOP_105,150,600,5,4,49,0.0,10.0,10.0,25.0,0.5,1.5065584902702633,20,0,20.0,0.0,0,0,0.0,0.0,0,1.5065584902702633
STOP_106,180,720,6,4,4,0.0,10.0,10.0,25.0,0.5,6.223492469978439,16,1,20.0,0.0,0,0,0.0,0.0,1,6.223492469978439
STOP_102,60,240,2,4,7,0.0,10.0,10.0,25.0,0.5,-3.5850886056343456,21,0,20.0,0.0,0,0,0.0,0.0,0,-3.5850886056343456
STOP_102,60,240,2,4,79,0.0,10.0,10.0,25.0,0.5,1.7812989521704896,14,0,20.0,0.0,0,0,0.0,0.0,0,1.7812989521704896
STOP_100,0,0,0,4,9,0.0,10.0,10.0,25.0,0.5,-4.763856305064845,13,0,20.0,0.0,0,0,0.0,0.0,0,-4.763856305064845
